"Status","Start Time","Stop Time","Duration in ms","Parent Suite","Suite","Sub Suite","Test Class","Test Method","Name","Description"
"passed","Wed Oct 05 07:30:16 GMT 2022","Wed Oct 05 07:30:16 GMT 2022","0","","The Internet Guinea Pig Website: As a user, I can log into the secure area","","The Internet Guinea Pig Website: As a user, I can log into the secure area","","",""
"passed","Wed Oct 05 07:30:16 GMT 2022","Wed Oct 05 07:30:16 GMT 2022","115","","The Internet Guinea Pig Website: As a user, I can log into the secure area","","The Internet Guinea Pig Website: As a user, I can log into the secure area","Then I should see a flash message saying Your username is invalid!","Then I should see a flash message saying Your username is invalid!",""
"passed","Wed Oct 05 07:30:15 GMT 2022","Wed Oct 05 07:30:16 GMT 2022","298","","The Internet Guinea Pig Website: As a user, I can log into the secure area","","The Internet Guinea Pig Website: As a user, I can log into the secure area","Given I am on the login page","Given I am on the login page",""
"passed","Wed Oct 05 07:30:13 GMT 2022","Wed Oct 05 07:30:13 GMT 2022","138","","The Internet Guinea Pig Website: As a user, I can log into the secure area","","The Internet Guinea Pig Website: As a user, I can log into the secure area","Then I should see a flash message saying You logged into a secure area!","Then I should see a flash message saying You logged into a secure area!",""
"passed","Wed Oct 05 07:30:13 GMT 2022","Wed Oct 05 07:30:14 GMT 2022","188","","The Internet Guinea Pig Website: As a user, I can log into the secure area","","The Internet Guinea Pig Website: As a user, I can log into the secure area","Then I should see a flash message saying Your username is invalid!","Then I should see a flash message saying Your username is invalid!",""
"passed","Wed Oct 05 07:30:14 GMT 2022","Wed Oct 05 07:30:14 GMT 2022","1","","The Internet Guinea Pig Website: As a user, I can log into the secure area","","The Internet Guinea Pig Website: As a user, I can log into the secure area","","",""
"passed","Wed Oct 05 07:30:12 GMT 2022","Wed Oct 05 07:30:13 GMT 2022","718","","The Internet Guinea Pig Website: As a user, I can log into the secure area","","The Internet Guinea Pig Website: As a user, I can log into the secure area","When I login with tomsmith and SuperSecretPassword!","When I login with tomsmith and SuperSecretPassword!",""
"passed","Wed Oct 05 07:30:13 GMT 2022","Wed Oct 05 07:30:13 GMT 2022","613","","The Internet Guinea Pig Website: As a user, I can log into the secure area","","The Internet Guinea Pig Website: As a user, I can log into the secure area","When I login with foobar and barfoo","When I login with foobar and barfoo",""
"passed","Wed Oct 05 07:30:13 GMT 2022","Wed Oct 05 07:30:13 GMT 2022","211","","The Internet Guinea Pig Website: As a user, I can log into the secure area","","The Internet Guinea Pig Website: As a user, I can log into the secure area","Given I am on the login page","Given I am on the login page",""
"passed","Wed Oct 05 07:30:15 GMT 2022","Wed Oct 05 07:30:15 GMT 2022","594","","The Internet Guinea Pig Website: As a user, I can log into the secure area","","The Internet Guinea Pig Website: As a user, I can log into the secure area","When I login with tomsmith and SuperSecretPassword!","When I login with tomsmith and SuperSecretPassword!",""
"passed","Wed Oct 05 07:30:15 GMT 2022","Wed Oct 05 07:30:15 GMT 2022","145","","The Internet Guinea Pig Website: As a user, I can log into the secure area","","The Internet Guinea Pig Website: As a user, I can log into the secure area","Then I should see a flash message saying You logged into a secure area!","Then I should see a flash message saying You logged into a secure area!",""
"passed","Wed Oct 05 07:30:16 GMT 2022","Wed Oct 05 07:30:16 GMT 2022","561","","The Internet Guinea Pig Website: As a user, I can log into the secure area","","The Internet Guinea Pig Website: As a user, I can log into the secure area","When I login with foobar and barfoo","When I login with foobar and barfoo",""
